,antecedents,consequents,antecedent support,consequent support,support,confidence,lift,leverage,conviction
54081,"frozenset({'DayNight_Day', 'SurfaceCondition_Water (standing / moving)'})","frozenset({'Weather_Rain', 'Animal_None/Other', 'Impairment_None', 'RoadCharacteristics_Not at a Junction'})",0.0015333939118582463,0.035296456156292594,0.0012778282598818718,0.8333333333333333,23.6095467953875,0.0012237048889016413,5.788221263062241
79988,"frozenset({'Weather_Rain', 'InjuryType_Property Damage Only', 'Impairment_Alcohol', 'RoadCharacteristics_Not at a Junction'})","frozenset({'SurfaceCondition_Wet', 'Animal_None/Other', 'DayNight_Night'})",0.0017605633802816902,0.031179009541117672,0.0012778282598818718,0.7258064516129031,23.278688524590162,0.0012229356374503265,3.53334714167357
59481,"frozenset({'Weather_Rain', 'InjuryType_Property Damage Only', 'Impairment_Alcohol'})","frozenset({'SurfaceCondition_Wet', 'Animal_None/Other', 'DayNight_Night'})",0.0024136756019990913,0.031179009541117672,0.0017321671967287598,0.7176470588235294,23.016993464052288,0.001656911182104867,3.4312410078752085
34073,frozenset({'SurfaceCondition_Water (standing / moving)'}),"frozenset({'Weather_Rain', 'Animal_None/Other', 'Impairment_None', 'RoadCharacteristics_Not at a Junction'})",0.002044525215810995,0.035296456156292594,0.0016469786460699683,0.8055555555555556,22.82256190220792,0.0015748141514296608,4.96133251119621
39654,"frozenset({'DayNight_Day', 'SurfaceCondition_Water (standing / moving)'})","frozenset({'Weather_Rain', 'Impairment_None', 'RoadCharacteristics_Not at a Junction'})",0.0015333939118582463,0.03768173557473876,0.0012778282598818718,0.8333333333333333,22.115046470735994,0.0012200473159633151,5.773909586551565
54069,"frozenset({'DayNight_Day', 'SurfaceCondition_Water (standing / moving)', 'Animal_None/Other'})","frozenset({'Weather_Rain', 'Impairment_None', 'RoadCharacteristics_Not at a Junction'})",0.0015333939118582463,0.03768173557473876,0.0012778282598818718,0.8333333333333333,22.115046470735994,0.0012200473159633151,5.773909586551565
25879,"frozenset({'DayNight_Day', 'SurfaceCondition_Water (standing / moving)'})","frozenset({'Weather_Rain', 'Animal_None/Other', 'RoadCharacteristics_Not at a Junction'})",0.0015333939118582463,0.039016356201726485,0.0013062244434348023,0.8518518518518517,21.833198555178175,0.001246397000372182,6.486639595638342
54056,"frozenset({'DayNight_Day', 'SurfaceCondition_Water (standing / moving)', 'Impairment_None'})","frozenset({'Weather_Rain', 'Animal_None/Other', 'RoadCharacteristics_Not at a Junction'})",0.0015049977283053157,0.039016356201726485,0.0012778282598818718,0.8490566037735849,21.761555573865042,0.0012191087324315225,6.366516640163564
34069,"frozenset({'SurfaceCondition_Water (standing / moving)', 'Animal_None/Other'})","frozenset({'Weather_Rain', 'Impairment_None', 'RoadCharacteristics_Not at a Junction'})",0.0020161290322580645,0.03768173557473876,0.0016469786460699683,0.8169014084507042,21.678975131876413,0.001571007404991866,5.255738213399504
71406,"frozenset({'Weather_Rain', 'InjuryType_Property Damage Only', 'Impairment_Alcohol', 'RoadCharacteristics_Not at a Junction'})","frozenset({'SurfaceCondition_Wet', 'DayNight_Night'})",0.0017605633802816902,0.03376306224443435,0.0012778282598818718,0.7258064516129031,21.497056349873837,0.0012183862488881494,3.5239229494614737
79965,"frozenset({'Weather_Rain', 'RoadCharacteristics_Not at a Junction', 'InjuryType_Property Damage Only', 'Animal_None/Other', 'Impairment_Alcohol'})","frozenset({'SurfaceCondition_Wet', 'DayNight_Night'})",0.0017605633802816902,0.03376306224443435,0.0012778282598818718,0.7258064516129031,21.497056349873837,0.0012183862488881494,3.5239229494614737
17445,frozenset({'SurfaceCondition_Water (standing / moving)'}),"frozenset({'RoadCharacteristics_Not at a Junction', 'Weather_Rain', 'Impairment_None'})",0.002044525215810995,0.03768173557473876,0.0016469786460699683,0.8055555555555556,21.377878255044795,0.0015699373875118926,4.949065359901344
10753,frozenset({'SurfaceCondition_Water (standing / moving)'}),"frozenset({'RoadCharacteristics_Not at a Junction', 'Animal_None/Other', 'Weather_Rain'})",0.002044525215810995,0.039016356201726485,0.0017037710131758291,0.8333333333333333,21.35856380397865,0.0016240010890923356,5.765901862789638
59468,"frozenset({'Weather_Rain', 'InjuryType_Property Damage Only', 'Animal_None/Other', 'Impairment_Alcohol'})","frozenset({'SurfaceCondition_Wet', 'DayNight_Night'})",0.0024136756019990913,0.03376306224443435,0.0017321671967287598,0.7176470588235294,21.255390095483104,0.001650674117140592,3.4220891545509615
42222,"frozenset({'Weather_Rain', 'InjuryType_Property Damage Only', 'Impairment_Alcohol'})","frozenset({'SurfaceCondition_Wet', 'DayNight_Night'})",0.0024136756019990913,0.03376306224443435,0.0017321671967287598,0.7176470588235294,21.255390095483104,0.001650674117140592,3.4220891545509615
34062,"frozenset({'SurfaceCondition_Water (standing / moving)', 'Impairment_None'})","frozenset({'Weather_Rain', 'Animal_None/Other', 'RoadCharacteristics_Not at a Junction'})",0.001987732848705134,0.039016356201726485,0.0016469786460699683,0.8285714285714287,21.236514867955922,0.0015694245532110163,5.6057379221566
35862,"frozenset({'InjuryType_Property Damage Only', 'SurfaceCondition_Water (standing / moving)'})","frozenset({'Weather_Rain', 'Animal_None/Other', 'RoadCharacteristics_Not at a Junction'})",0.0012494320763289414,0.039016356201726485,0.0010222626079054976,0.8181818181818182,20.97022628026995,0.0009735143209655848,5.285410040890506
25872,"frozenset({'DayNight_Day', 'SurfaceCondition_Water (standing / moving)', 'Animal_None/Other'})","frozenset({'Weather_Rain', 'RoadCharacteristics_Not at a Junction'})",0.0015333939118582463,0.04140163562017265,0.0013062244434348023,0.8518518518518517,20.57531880302799,0.001242739427433856,6.4705389595638305
13730,"frozenset({'DayNight_Day', 'SurfaceCondition_Water (standing / moving)'})","frozenset({'RoadCharacteristics_Not at a Junction', 'Weather_Rain'})",0.0015333939118582463,0.04140163562017265,0.0013062244434348023,0.8518518518518517,20.57531880302799,0.001242739427433856,6.4705389595638305
39640,"frozenset({'DayNight_Day', 'SurfaceCondition_Water (standing / moving)', 'Impairment_None'})","frozenset({'Weather_Rain', 'RoadCharacteristics_Not at a Junction'})",0.0015049977283053157,0.04140163562017265,0.0012778282598818718,0.8490566037735849,20.507803400885162,0.0012155188923253875,6.350714164016358
54044,"frozenset({'DayNight_Day', 'SurfaceCondition_Water (standing / moving)', 'Animal_None/Other', 'Impairment_None'})","frozenset({'Weather_Rain', 'RoadCharacteristics_Not at a Junction'})",0.0015049977283053157,0.04140163562017265,0.0012778282598818718,0.8490566037735849,20.507803400885162,0.0012155188923253875,6.350714164016358
10749,"frozenset({'SurfaceCondition_Water (standing / moving)', 'Animal_None/Other'})","frozenset({'RoadCharacteristics_Not at a Junction', 'Weather_Rain'})",0.0020161290322580645,0.04140163562017265,0.0017037710131758291,0.8450704225352113,20.411522633744855,0.0016202999736190293,6.187316715542521
34055,"frozenset({'SurfaceCondition_Water (standing / moving)', 'Animal_None/Other', 'Impairment_None'})","frozenset({'Weather_Rain', 'RoadCharacteristics_Not at a Junction'})",0.0019593366651522036,0.04140163562017265,0.0016469786460699683,0.8405797101449275,20.303055605256358,0.0015658589034020926,6.013026103837097
35855,"frozenset({'InjuryType_Property Damage Only', 'SurfaceCondition_Water (standing / moving)', 'Animal_None/Other'})","frozenset({'Weather_Rain', 'RoadCharacteristics_Not at a Junction'})",0.001221035892776011,0.04140163562017265,0.0010222626079054976,0.8372093023255814,20.221648004593742,0.000971709724793633,5.888532809761799
3924,frozenset({'SurfaceCondition_Water (standing / moving)'}),"frozenset({'RoadCharacteristics_Not at a Junction', 'Weather_Rain'})",0.002044525215810995,0.04140163562017265,0.0017037710131758291,0.8333333333333333,20.12802926383173,0.0016191243251745674,5.751590186278961
17442,"frozenset({'SurfaceCondition_Water (standing / moving)', 'Impairment_None'})","frozenset({'RoadCharacteristics_Not at a Junction', 'Weather_Rain'})",0.001987732848705134,0.04140163562017265,0.0016469786460699683,0.8285714285714287,20.0130119537527,0.0015646832549576306,5.591823792215665
18252,"frozenset({'InjuryType_Property Damage Only', 'SurfaceCondition_Water (standing / moving)'})","frozenset({'RoadCharacteristics_Not at a Junction', 'Weather_Rain'})",0.0012494320763289414,0.04140163562017265,0.0010222626079054976,0.8181818181818182,19.76206509539843,0.000970534076349171,5.272291004089052
47677,"frozenset({'Weather_Rain', 'Animal_Deer'})","frozenset({'RoadCharacteristics_Not at a Junction', 'InjuryType_Property Damage Only', 'SurfaceCondition_Wet', 'Impairment_None'})",0.002101317582916856,0.04850068150840527,0.0019025442980463425,0.9054054054054054,18.667890372808404,0.0018006289632092802,10.058707081196856
20080,"frozenset({'Weather_Rain', 'Animal_Deer'})","frozenset({'RoadCharacteristics_Not at a Junction', 'InjuryType_Property Damage Only', 'SurfaceCondition_Wet'})",0.002101317582916856,0.052106996819627445,0.0019025442980463425,0.9054054054054054,17.375889240739376,0.0017930509494362666,10.02058317647822
47652,"frozenset({'Weather_Rain', 'Animal_Deer', 'Impairment_None'})","frozenset({'RoadCharacteristics_Not at a Junction', 'InjuryType_Property Damage Only', 'SurfaceCondition_Wet'})",0.002101317582916856,0.052106996819627445,0.0019025442980463425,0.9054054054054054,17.375889240739376,0.0017930509494362666,10.02058317647822
54068,"frozenset({'DayNight_Day', 'SurfaceCondition_Water (standing / moving)', 'RoadCharacteristics_Not at a Junction'})","frozenset({'Weather_Rain', 'Animal_None/Other', 'Impairment_None'})",0.001334620626987733,0.064544525215811,0.0012778282598818718,0.9574468085106382,14.833896528161299,0.0011916858051697207,21.983203657428408
23080,"frozenset({'DayNight_Day', 'SurfaceCondition_Water (standing / moving)'})","frozenset({'Weather_Rain', 'Animal_None/Other', 'Impairment_None'})",0.0015333939118582463,0.064544525215811,0.0014198091776465244,0.9259259259259259,14.345537794723892,0.0013208369956368188,12.628648909586552
19954,"frozenset({'Weather_Rain', 'Animal_Deer'})","frozenset({'RoadCharacteristics_Not at a Junction', 'SurfaceCondition_Wet', 'Impairment_None'})",0.002101317582916856,0.06511244888686961,0.0019593366651522036,0.9324324324324325,14.320340401456843,0.0018225147314394495,13.836335756474334
47664,"frozenset({'Weather_Rain', 'InjuryType_Property Damage Only', 'Animal_Deer'})","frozenset({'RoadCharacteristics_Not at a Junction', 'SurfaceCondition_Wet', 'Impairment_None'})",0.002044525215810995,0.06511244888686961,0.0019025442980463425,0.9305555555555555,14.291515239618159,0.001769420254433933,13.462380736029061
54062,"frozenset({'RoadCharacteristics_Not at a Junction', 'SurfaceCondition_Water (standing / moving)', 'Impairment_None'})","frozenset({'DayNight_Day', 'Weather_Rain', 'Animal_None/Other'})",0.0017605633802816902,0.05082916855974557,0.0012778282598818718,0.7258064516129031,14.279329608938546,0.0011883402870654183,3.4616818558409266
39646,"frozenset({'DayNight_Day', 'SurfaceCondition_Water (standing / moving)', 'RoadCharacteristics_Not at a Junction'})","frozenset({'Weather_Rain', 'Impairment_None'})",0.001334620626987733,0.06707178555202181,0.0012778282598818718,0.9574468085106382,14.274956311816526,0.0011883128713952456,21.923813039527456
54053,"frozenset({'DayNight_Day', 'SurfaceCondition_Water (standing / moving)', 'Animal_None/Other', 'RoadCharacteristics_Not at a Junction'})","frozenset({'Weather_Rain', 'Impairment_None'})",0.001334620626987733,0.06707178555202181,0.0012778282598818718,0.9574468085106382,14.274956311816526,0.0011883128713952456,21.923813039527456
54087,"frozenset({'RoadCharacteristics_Not at a Junction', 'SurfaceCondition_Water (standing / moving)'})","frozenset({'DayNight_Day', 'Weather_Rain', 'Animal_None/Other', 'Impairment_None'})",0.001817355747387551,0.049579736483416625,0.0012778282598818718,0.703125,14.181701030927837,0.0011877242408297743,3.2014156244769123
54049,"frozenset({'RoadCharacteristics_Not at a Junction', 'SurfaceCondition_Water (standing / moving)', 'Animal_None/Other', 'Impairment_None'})","frozenset({'DayNight_Day', 'Weather_Rain'})",0.0017321671967287598,0.05205020445252158,0.0012778282598818718,0.7377049180327868,14.172949478146547,0.0011876686031461886,3.61405859552476
25882,"frozenset({'RoadCharacteristics_Not at a Junction', 'SurfaceCondition_Water (standing / moving)'})","frozenset({'Weather_Rain', 'Animal_None/Other', 'DayNight_Day'})",0.001817355747387551,0.05082916855974557,0.0013062244434348023,0.71875,14.14050279329609,0.001213849761817818,3.374829622898682
25871,"frozenset({'DayNight_Day', 'SurfaceCondition_Water (standing / moving)', 'RoadCharacteristics_Not at a Junction'})","frozenset({'Weather_Rain', 'Animal_None/Other'})",0.001334620626987733,0.06928668786915039,0.0013062244434348023,0.978723404255319,14.125706313219391,0.0012137530006289734,43.743525670149644
54043,"frozenset({'DayNight_Day', 'SurfaceCondition_Water (standing / moving)', 'Impairment_None', 'RoadCharacteristics_Not at a Junction'})","frozenset({'Weather_Rain', 'Animal_None/Other'})",0.0013062244434348023,0.06928668786915039,0.0012778282598818718,0.9782608695652174,14.11903064861012,0.00118732429458255,42.81281235801911
54074,"frozenset({'RoadCharacteristics_Not at a Junction', 'SurfaceCondition_Water (standing / moving)', 'Animal_None/Other'})","frozenset({'DayNight_Day', 'Weather_Rain', 'Impairment_None'})",0.0017889595638346206,0.05080077237619264,0.0012778282598818718,0.7142857142857143,14.06052862732572,0.0011869477322892963,3.322197296683326
23075,"frozenset({'SurfaceCondition_Water (standing / moving)', 'Impairment_None'})","frozenset({'Weather_Rain', 'Animal_None/Other', 'DayNight_Day'})",0.001987732848705134,0.05082916855974557,0.0014198091776465244,0.7142857142857144,14.052673583399843,0.001318774369627948,3.322097910040892
34068,"frozenset({'RoadCharacteristics_Not at a Junction', 'SurfaceCondition_Water (standing / moving)'})","frozenset({'Weather_Rain', 'Animal_None/Other', 'Impairment_None'})",0.001817355747387551,0.064544525215811,0.0016469786460699683,0.9062500000000001,14.04069511658601,0.0015296782822066134,9.97819173103136
25874,"frozenset({'RoadCharacteristics_Not at a Junction', 'SurfaceCondition_Water (standing / moving)', 'Animal_None/Other'})","frozenset({'Weather_Rain', 'DayNight_Day'})",0.0017889595638346206,0.05205020445252158,0.0013062244434348023,0.7301587301587301,14.027970453502368,0.0012131087323799163,3.5129904187935956
39642,"frozenset({'RoadCharacteristics_Not at a Junction', 'SurfaceCondition_Water (standing / moving)', 'Impairment_None'})","frozenset({'Weather_Rain', 'DayNight_Day'})",0.0017605633802816902,0.05205020445252158,0.0012778282598818718,0.7258064516129031,13.944353518821602,0.0011861905759865874,3.457228666114332
6605,frozenset({'SurfaceCondition_Water (standing / moving)'}),"frozenset({'Weather_Rain', 'Animal_None/Other', 'DayNight_Day'})",0.002044525215810995,0.05082916855974557,0.0014482053611994548,0.7083333333333334,13.935567970204842,0.0013442838443803475,3.254299993509444
23068,"frozenset({'SurfaceCondition_Water (standing / moving)', 'Animal_None/Other', 'Impairment_None'})","frozenset({'Weather_Rain', 'DayNight_Day'})",0.0019593366651522036,0.05205020445252158,0.0014198091776465244,0.7246376811594203,13.921898843267947,0.0013178253036340304,3.4425545206724215
23082,"frozenset({'SurfaceCondition_Water (standing / moving)', 'Animal_None/Other'})","frozenset({'Weather_Rain', 'Impairment_None', 'DayNight_Day'})",0.0020161290322580645,0.05080077237619264,0.0014198091776465244,0.7042253521126761,13.862493012856346,0.001317388265597749,3.209197388632873
39656,"frozenset({'RoadCharacteristics_Not at a Junction', 'SurfaceCondition_Water (standing / moving)'})","frozenset({'Weather_Rain', 'Impairment_None', 'DayNight_Day'})",0.001817355747387551,0.05080077237619264,0.0012778282598818718,0.703125,13.840832867523757,0.0011855051842322715,3.197302661469667
13726,"frozenset({'RoadCharacteristics_Not at a Junction', 'SurfaceCondition_Water (standing / moving)'})","frozenset({'Weather_Rain', 'DayNight_Day'})",0.001817355747387551,0.05205020445252158,0.0013062244434348023,0.71875,13.808783415166394,0.001211630705220315,3.37048816194659
23072,"frozenset({'DayNight_Day', 'SurfaceCondition_Water (standing / moving)', 'Animal_None/Other'})","frozenset({'Weather_Rain', 'Impairment_None'})",0.0015333939118582463,0.06707178555202181,0.0014198091776465244,0.9259259259259259,13.804998902374008,0.0013169617100235922,12.594530895047708
12504,"frozenset({'DayNight_Day', 'SurfaceCondition_Water (standing / moving)'})","frozenset({'Weather_Rain', 'Impairment_None'})",0.0015333939118582463,0.06707178555202181,0.0014198091776465244,0.9259259259259259,13.804998902374008,0.0013169617100235922,12.594530895047708
6601,"frozenset({'SurfaceCondition_Water (standing / moving)', 'Animal_None/Other'})","frozenset({'Weather_Rain', 'DayNight_Day'})",0.0020161290322580645,0.05205020445252158,0.0014482053611994548,0.7183098591549296,13.800327332242228,0.001343265432867758,3.365221774193549
33408,"frozenset({'InjuryType_Property Damage Only', 'SurfaceCondition_Water (standing / moving)'})","frozenset({'Weather_Rain', 'Animal_None/Other', 'Impairment_None'})",0.0012494320763289414,0.064544525215811,0.001107451158564289,0.8863636363636365,13.732592088949326,0.0010268071584082325,8.232008178100871
34060,"frozenset({'RoadCharacteristics_Not at a Junction', 'SurfaceCondition_Water (standing / moving)', 'Animal_None/Other'})","frozenset({'Weather_Rain', 'Impairment_None'})",0.0017889595638346206,0.06707178555202181,0.0016469786460699683,0.9206349206349207,13.726113194360442,0.001526989933843214,11.754895502044535
12503,"frozenset({'SurfaceCondition_Water (standing / moving)', 'Impairment_None'})","frozenset({'Weather_Rain', 'DayNight_Day'})",0.001987732848705134,0.05205020445252158,0.0014198091776465244,0.7142857142857144,13.723014574078407,0.0013163472764744291,3.317824284416176
35853,"frozenset({'RoadCharacteristics_Not at a Junction', 'InjuryType_Property Damage Only', 'SurfaceCondition_Water (standing / moving)'})","frozenset({'Weather_Rain', 'Animal_None/Other'})",0.0010790549750113584,0.06928668786915039,0.0010222626079054976,0.9473684210526316,13.673166522864538,0.0009474984626582317,17.68355293048616
6602,"frozenset({'DayNight_Day', 'SurfaceCondition_Water (standing / moving)'})","frozenset({'Weather_Rain', 'Animal_None/Other'})",0.0015333939118582463,0.06928668786915039,0.0014482053611994548,0.9444444444444444,13.630965391621128,0.001341961575848077,16.752839618355285
25864,"frozenset({'DayNight_Day', 'SurfaceCondition_Water (standing / moving)', 'Animal_None/Other', 'RoadCharacteristics_Not at a Junction'})",frozenset({'Weather_Rain'}),0.001334620626987733,0.0718139482053612,0.0013062244434348023,0.978723404255319,13.628597629203366,0.0012103800668544985,43.62474443434773
13723,"frozenset({'RoadCharacteristics_Not at a Junction', 'SurfaceCondition_Water (standing / moving)', 'DayNight_Day'})",frozenset({'Weather_Rain'}),0.001334620626987733,0.0718139482053612,0.0013062244434348023,0.978723404255319,13.628597629203366,0.0012103800668544985,43.62474443434773
39635,"frozenset({'DayNight_Day', 'SurfaceCondition_Water (standing / moving)', 'Impairment_None', 'RoadCharacteristics_Not at a Junction'})",frozenset({'Weather_Rain'}),0.0013062244434348023,0.0718139482053612,0.0012778282598818718,0.9782608695652174,13.622156893083707,0.0011840231253564682,42.69655838255341
54037,"frozenset({'Impairment_None', 'DayNight_Day', 'SurfaceCondition_Water (standing / moving)', 'RoadCharacteristics_Not at a Junction', 'Animal_None/Other'})",frozenset({'Weather_Rain'}),0.0013062244434348023,0.0718139482053612,0.0012778282598818718,0.9782608695652174,13.622156893083707,0.0011840231253564682,42.69655838255341
23066,"frozenset({'DayNight_Day', 'SurfaceCondition_Water (standing / moving)', 'Impairment_None'})","frozenset({'Weather_Rain', 'Animal_None/Other'})",0.0015049977283053157,0.06928668786915039,0.0014198091776465244,0.9433962264150945,13.615836684194248,0.0013155328698016536,16.442601847645047
2258,frozenset({'SurfaceCondition_Water (standing / moving)'}),"frozenset({'Weather_Rain', 'DayNight_Day'})",0.002044525215810995,0.05205020445252158,0.0014482053611994548,0.7083333333333334,13.608656119294418,0.0013417874057081568,3.250113584734212
9201,frozenset({'SurfaceCondition_Water (standing / moving)'}),"frozenset({'Weather_Rain', 'Animal_None/Other', 'Impairment_None'})",0.002044525215810995,0.064544525215811,0.0017889595638346206,0.875,13.556533216014078,0.0016569966544883463,7.483643798273512
35847,"frozenset({'RoadCharacteristics_Not at a Junction', 'InjuryType_Property Damage Only', 'SurfaceCondition_Water (standing / moving)', 'Animal_None/Other'})",frozenset({'Weather_Rain'}),0.001050658791458428,0.0718139482053612,0.0010222626079054976,0.972972972972973,13.548523612580553,0.0009468106518741946,34.3428839164017
10746,"frozenset({'RoadCharacteristics_Not at a Junction', 'SurfaceCondition_Water (standing / moving)'})","frozenset({'Weather_Rain', 'Animal_None/Other'})",0.001817355747387551,0.06928668786915039,0.0017037710131758291,0.9375,13.530737704918032,0.0015778524527593814,14.891412994093594
33402,"frozenset({'InjuryType_Property Damage Only', 'SurfaceCondition_Water (standing / moving)', 'Animal_None/Other'})","frozenset({'Weather_Rain', 'Impairment_None'})",0.001221035892776011,0.06707178555202181,0.001107451158564289,0.9069767441860466,13.522477994604493,0.0010255541010126949,10.028978305315773
17438,"frozenset({'RoadCharacteristics_Not at a Junction', 'SurfaceCondition_Water (standing / moving)'})","frozenset({'Weather_Rain', 'Impairment_None'})",0.001817355747387551,0.06707178555202181,0.0016469786460699683,0.9062500000000001,13.511642675698562,0.0015250853511094562,9.951234287445113
34054,"frozenset({'RoadCharacteristics_Not at a Junction', 'SurfaceCondition_Water (standing / moving)', 'Impairment_None'})","frozenset({'Weather_Rain', 'Animal_None/Other'})",0.0017605633802816902,0.06928668786915039,0.0016469786460699683,0.935483870967742,13.501639344262296,0.0015249950406665345,14.426056338028182
10742,"frozenset({'RoadCharacteristics_Not at a Junction', 'SurfaceCondition_Water (standing / moving)', 'Animal_None/Other'})",frozenset({'Weather_Rain'}),0.0017889595638346206,0.0718139482053612,0.0017037710131758291,0.9523809523809523,13.261782372102655,0.001575298763717124,19.49190708768739
34049,"frozenset({'RoadCharacteristics_Not at a Junction', 'SurfaceCondition_Water (standing / moving)', 'Animal_None/Other', 'Impairment_None'})",frozenset({'Weather_Rain'}),0.0017321671967287598,0.0718139482053612,0.0016469786460699683,0.9508196721311475,13.240041745263143,0.0015225848807210634,18.873116386490967
9197,"frozenset({'SurfaceCondition_Water (standing / moving)', 'Animal_None/Other'})","frozenset({'Weather_Rain', 'Impairment_None'})",0.0020161290322580645,0.06707178555202181,0.0017889595638346206,0.8873239436619719,13.229466553767994,0.0016537341897378025,8.27973790322581
17137,"frozenset({'InjuryType_Property Damage Only', 'SurfaceCondition_Water (standing / moving)'})","frozenset({'Weather_Rain', 'Impairment_None'})",0.0012494320763289414,0.06707178555202181,0.001107451158564289,0.8863636363636365,13.215148949272574,0.0010236495182789369,8.209768287142216
18246,"frozenset({'RoadCharacteristics_Not at a Junction', 'InjuryType_Property Damage Only', 'SurfaceCondition_Water (standing / moving)'})",frozenset({'Weather_Rain'}),0.0010790549750113584,0.0718139482053612,0.0010222626079054976,0.9473684210526316,13.191983517512643,0.0009447714098192946,17.635534984098157
2256,"frozenset({'DayNight_Day', 'SurfaceCondition_Water (standing / moving)'})",frozenset({'Weather_Rain'}),0.0015333939118582463,0.0718139482053612,0.0014482053611994548,0.9444444444444444,13.1512675190018,0.0013380862902348505,16.70734893230349
6597,"frozenset({'DayNight_Day', 'SurfaceCondition_Water (standing / moving)', 'Animal_None/Other'})",frozenset({'Weather_Rain'}),0.0015333939118582463,0.0718139482053612,0.0014482053611994548,0.9444444444444444,13.1512675190018,0.0013380862902348505,16.70734893230349
23061,"frozenset({'DayNight_Day', 'SurfaceCondition_Water (standing / moving)', 'Animal_None/Other', 'Impairment_None'})",frozenset({'Weather_Rain'}),0.0015049977283053157,0.0718139482053612,0.0014198091776465244,0.9433962264150945,13.136671217648859,0.0013117293487368202,16.39795358170532
12499,"frozenset({'DayNight_Day', 'SurfaceCondition_Water (standing / moving)', 'Impairment_None'})",frozenset({'Weather_Rain'}),0.0015049977283053157,0.0718139482053612,0.0014198091776465244,0.9433962264150945,13.136671217648859,0.0013117293487368202,16.39795358170532
10453,"frozenset({'InjuryType_Property Damage Only', 'SurfaceCondition_Water (standing / moving)'})","frozenset({'Weather_Rain', 'Animal_None/Other'})",0.0012494320763289414,0.06928668786915039,0.0011358473421172195,0.9090909090909091,13.120715350223545,0.0010492783318309115,10.237846433439342
33398,"frozenset({'InjuryType_Property Damage Only', 'SurfaceCondition_Water (standing / moving)', 'Impairment_None'})","frozenset({'Weather_Rain', 'Animal_None/Other'})",0.001221035892776011,0.06928668786915039,0.001107451158564289,0.9069767441860466,13.0902020587114,0.0010228496257844882,10.00516810540664
3920,"frozenset({'RoadCharacteristics_Not at a Junction', 'SurfaceCondition_Water (standing / moving)'})",frozenset({'Weather_Rain'}),0.001817355747387551,0.0718139482053612,0.0017037710131758291,0.9375,13.054567022538553,0.001573259521662224,14.85097682871422
3312,frozenset({'SurfaceCondition_Water (standing / moving)'}),"frozenset({'Weather_Rain', 'Impairment_None'})",0.002044525215810995,0.06707178555202181,0.0017889595638346206,0.875,13.045723962743438,0.0016518296070040443,7.463425715583826
1618,frozenset({'SurfaceCondition_Water (standing / moving)'}),"frozenset({'Weather_Rain', 'Animal_None/Other'})",0.002044525215810995,0.06928668786915039,0.0018457519309404817,0.9027777777777778,13.02959927140255,0.001704093550471978,9.57305121048874
17435,"frozenset({'RoadCharacteristics_Not at a Junction', 'SurfaceCondition_Water (standing / moving)', 'Impairment_None'})",frozenset({'Weather_Rain'}),0.0017605633802816902,0.0718139482053612,0.0016469786460699683,0.935483870967742,13.026492684855674,0.0015205456386661632,14.386883802816914
19940,"frozenset({'Weather_Rain', 'Animal_Deer', 'Impairment_None'})","frozenset({'RoadCharacteristics_Not at a Junction', 'SurfaceCondition_Wet'})",0.002101317582916856,0.0717287596547024,0.0019593366651522036,0.9324324324324325,12.999422225075433,0.0018086117612889602,13.73841435711041
4892,"frozenset({'Animal_Deer', 'Weather_Rain'})","frozenset({'RoadCharacteristics_Not at a Junction', 'SurfaceCondition_Wet'})",0.002101317582916856,0.0717287596547024,0.0019593366651522036,0.9324324324324325,12.999422225075433,0.0018086117612889602,13.73841435711041
9198,"frozenset({'SurfaceCondition_Water (standing / moving)', 'Impairment_None'})","frozenset({'Weather_Rain', 'Animal_None/Other'})",0.001987732848705134,0.06928668786915039,0.0017889595638346206,0.9000000000000001,12.989508196721312,0.0016512361383791308,9.307133121308508
20072,"frozenset({'Weather_Rain', 'InjuryType_Property Damage Only', 'Animal_Deer'})","frozenset({'RoadCharacteristics_Not at a Junction', 'SurfaceCondition_Wet'})",0.002044525215810995,0.0717287596547024,0.0019025442980463425,0.9305555555555555,12.973255916248789,0.001755893040233457,13.36710586097227
47639,"frozenset({'Weather_Rain', 'InjuryType_Property Damage Only', 'Animal_Deer', 'Impairment_None'})","frozenset({'RoadCharacteristics_Not at a Junction', 'SurfaceCondition_Wet'})",0.002044525215810995,0.0717287596547024,0.0019025442980463425,0.9305555555555555,12.973255916248789,0.001755893040233457,13.36710586097227
10450,"frozenset({'InjuryType_Property Damage Only', 'SurfaceCondition_Water (standing / moving)', 'Animal_None/Other'})",frozenset({'Weather_Rain'}),0.001221035892776011,0.0718139482053612,0.0011358473421172195,0.9302325581395349,12.953368828565385,0.001048159933756516,13.304000075723152
33394,"frozenset({'InjuryType_Property Damage Only', 'SurfaceCondition_Water (standing / moving)', 'Animal_None/Other', 'Impairment_None'})",frozenset({'Weather_Rain'}),0.0011926397092230803,0.0718139482053612,0.001107451158564289,0.9285714285714287,12.930237812800092,0.0010218029922584857,12.994604725124969
1616,"frozenset({'SurfaceCondition_Water (standing / moving)', 'Animal_None/Other'})",frozenset({'Weather_Rain'}),0.0020161290322580645,0.0718139482053612,0.0018457519309404817,0.915492957746479,12.748121787267696,0.001700965745042576,10.983534946236574
9193,"frozenset({'SurfaceCondition_Water (standing / moving)', 'Animal_None/Other', 'Impairment_None'})",frozenset({'Weather_Rain'}),0.0019593366651522036,0.0718139482053612,0.0017889595638346206,0.9130434782608695,12.714013100211458,0.0016482518620465152,10.674139595638339
3797,"frozenset({'InjuryType_Property Damage Only', 'SurfaceCondition_Water (standing / moving)'})",frozenset({'Weather_Rain'}),0.0012494320763289414,0.0718139482053612,0.0011358473421172195,0.9090909090909091,12.658974082461626,0.001046120691701616,10.210046569741023
17134,"frozenset({'InjuryType_Property Damage Only', 'SurfaceCondition_Water (standing / moving)', 'Impairment_None'})",frozenset({'Weather_Rain'}),0.001221035892776011,0.0718139482053612,0.001107451158564289,0.9069767441860466,12.629534607851252,0.0010197637502035856,9.978000056792373
355,frozenset({'SurfaceCondition_Water (standing / moving)'}),frozenset({'Weather_Rain'}),0.002044525215810995,0.0718139482053612,0.0018457519309404817,0.9027777777777778,12.57106454022231,0.001698926502987676,9.547056532744858
3310,"frozenset({'SurfaceCondition_Water (standing / moving)', 'Impairment_None'})",frozenset({'Weather_Rain'}),0.001987732848705134,0.0718139482053612,0.0017889595638346206,0.9000000000000001,12.532384341637012,0.001646212619991615,9.2818605179464
64281,"frozenset({'Weather_Rain', 'InjuryType_Injury', 'Impairment_Alcohol'})","frozenset({'RoadCharacteristics_Not at a Junction', 'Animal_None/Other', 'SurfaceCondition_Wet'})",0.002101317582916856,0.06710018173557473,0.0015333939118582463,0.7297297297297298,10.87522732211687,0.0013923951201603667,3.4517293275783745
79660,"frozenset({'Weather_Rain', 'InjuryType_Injury', 'Impairment_Alcohol', 'DayNight_Night'})","frozenset({'RoadCharacteristics_Not at a Junction', 'Animal_None/Other', 'SurfaceCondition_Wet'})",0.0015049977283053157,0.06710018173557473,0.0010790549750113584,0.7169811320754716,10.685233832911473,0.0009780693539304447,3.296246024534302
59808,"frozenset({'Weather_Rain', 'Impairment_Alcohol', 'DayNight_Night'})","frozenset({'RoadCharacteristics_Not at a Junction', 'Animal_None/Other', 'SurfaceCondition_Wet'})",0.0034075420263516582,0.06710018173557473,0.0024136756019990913,0.7083333333333334,10.556354916067148,0.0021850289127592864,3.1985136626208868
79980,"frozenset({'Weather_Rain', 'InjuryType_Property Damage Only', 'Impairment_Alcohol', 'DayNight_Night'})","frozenset({'RoadCharacteristics_Not at a Junction', 'Animal_None/Other', 'SurfaceCondition_Wet'})",0.001817355747387551,0.06710018173557473,0.0012778282598818718,0.703125,10.478734659331359,0.0011558833589539758,3.142399387838064
78128,"frozenset({'Weather_Rain', 'RoadCharacteristics_Parking Lot', 'Impairment_None'})","frozenset({'DayNight_Day', 'InjuryType_Property Damage Only', 'Animal_None/Other', 'SurfaceCondition_Wet'})",0.006019990913221263,0.07360290776919581,0.004600181735574738,0.7641509433962264,10.382075471698114,0.004157092899617517,3.927923671058609
78161,"frozenset({'Weather_Rain', 'RoadCharacteristics_Parking Lot'})","frozenset({'Impairment_None', 'DayNight_Day', 'SurfaceCondition_Wet', 'InjuryType_Property Damage Only', 'Animal_None/Other'})",0.006190368014538846,0.07215470240799636,0.004600181735574738,0.7431192660550459,10.298972087128885,0.004153517573689708,3.6119691941974423
64267,"frozenset({'Weather_Rain', 'InjuryType_Injury', 'Animal_None/Other', 'Impairment_Alcohol'})","frozenset({'RoadCharacteristics_Not at a Junction', 'SurfaceCondition_Wet'})",0.002101317582916856,0.0717287596547024,0.0015333939118582463,0.7297297297297298,10.173460871798165,0.0013826690079950029,3.4346035892776023
44604,"frozenset({'Weather_Rain', 'InjuryType_Injury', 'Impairment_Alcohol'})","frozenset({'RoadCharacteristics_Not at a Junction', 'SurfaceCondition_Wet'})",0.002101317582916856,0.0717287596547024,0.0015333939118582463,0.7297297297297298,10.173460871798165,0.0013826690079950029,3.4346035892776023
57774,"frozenset({'Weather_Rain', 'RoadCharacteristics_Parking Lot'})","frozenset({'DayNight_Day', 'InjuryType_Property Damage Only', 'Animal_None/Other', 'SurfaceCondition_Wet'})",0.006190368014538846,0.07360290776919581,0.004628577919127669,0.7477064220183486,10.158653301619664,0.004172948833096187,3.6719012019330055
78106,"frozenset({'Weather_Rain', 'RoadCharacteristics_Parking Lot', 'Animal_None/Other', 'Impairment_None'})","frozenset({'DayNight_Day', 'InjuryType_Property Damage Only', 'SurfaceCondition_Wet'})",0.006019990913221263,0.07581781008632439,0.004600181735574738,0.7641509433962264,10.07877888488446,0.00414375920779473,3.9185324852339836
70516,"frozenset({'Weather_Rain', 'RoadCharacteristics_Parking Lot', 'Impairment_None'})","frozenset({'DayNight_Day', 'InjuryType_Property Damage Only', 'SurfaceCondition_Wet'})",0.006019990913221263,0.07581781008632439,0.004600181735574738,0.7641509433962264,10.07877888488446,0.00414375920779473,3.9185324852339836
79640,"frozenset({'Weather_Rain', 'DayNight_Night', 'InjuryType_Injury', 'Animal_None/Other', 'Impairment_Alcohol'})","frozenset({'RoadCharacteristics_Not at a Junction', 'SurfaceCondition_Wet'})",0.0015049977283053157,0.0717287596547024,0.0010790549750113584,0.7169811320754716,9.995727453353052,0.0009711033546768733,3.2798917158867176
71249,"frozenset({'Weather_Rain', 'InjuryType_Injury', 'Impairment_Alcohol', 'DayNight_Night'})","frozenset({'RoadCharacteristics_Not at a Junction', 'SurfaceCondition_Wet'})",0.0015049977283053157,0.0717287596547024,0.0010790549750113584,0.7169811320754716,9.995727453353052,0.0009711033546768733,3.2798917158867176
78144,"frozenset({'Weather_Rain', 'RoadCharacteristics_Parking Lot', 'Animal_None/Other'})","frozenset({'DayNight_Day', 'InjuryType_Property Damage Only', 'SurfaceCondition_Wet', 'Impairment_None'})",0.006190368014538846,0.07436960472512494,0.004600181735574738,0.7431192660550459,9.992244396103283,0.004139806513230428,3.6033468958914776
70535,"frozenset({'Weather_Rain', 'RoadCharacteristics_Parking Lot'})","frozenset({'DayNight_Day', 'InjuryType_Property Damage Only', 'SurfaceCondition_Wet', 'Impairment_None'})",0.006190368014538846,0.07436960472512494,0.004600181735574738,0.7431192660550459,9.992244396103283,0.004139806513230428,3.6033468958914776
78136,"frozenset({'DayNight_Day', 'RoadCharacteristics_Parking Lot', 'Weather_Rain'})","frozenset({'InjuryType_Property Damage Only', 'SurfaceCondition_Wet', 'Animal_None/Other', 'Impairment_None'})",0.005054520672421627,0.09166288050885961,0.004600181735574738,0.9101123595505617,9.928908566893613,0.004136869811148994,10.105250454338924
59795,"frozenset({'Weather_Rain', 'Animal_None/Other', 'Impairment_Alcohol', 'DayNight_Night'})","frozenset({'RoadCharacteristics_Not at a Junction', 'SurfaceCondition_Wet'})",0.0034075420263516582,0.0717287596547024,0.0024136756019990913,0.7083333333333334,9.875164951174453,0.0021692568389776157,3.1826442526124494
42379,"frozenset({'Weather_Rain', 'Impairment_Alcohol', 'DayNight_Night'})","frozenset({'RoadCharacteristics_Not at a Junction', 'SurfaceCondition_Wet'})",0.0034075420263516582,0.0717287596547024,0.0024136756019990913,0.7083333333333334,9.875164951174453,0.0021692568389776157,3.1826442526124494
41420,"frozenset({'Weather_Rain', 'RoadCharacteristics_Parking Lot'})","frozenset({'DayNight_Day', 'InjuryType_Property Damage Only', 'SurfaceCondition_Wet'})",0.006190368014538846,0.07581781008632439,0.004628577919127669,0.7477064220183486,9.861883654606055,0.0041592377726369055,3.663122134566932
57764,"frozenset({'Weather_Rain', 'RoadCharacteristics_Parking Lot', 'Animal_None/Other'})","frozenset({'DayNight_Day', 'InjuryType_Property Damage Only', 'SurfaceCondition_Wet'})",0.006190368014538846,0.07581781008632439,0.004628577919127669,0.7477064220183486,9.861883654606055,0.0041592377726369055,3.663122134566932
19838,"frozenset({'Weather_Rain', 'Animal_Deer'})","frozenset({'InjuryType_Property Damage Only', 'SurfaceCondition_Wet', 'Impairment_None'})",0.002101317582916856,0.09629145842798728,0.001987732848705134,0.9459459459459458,9.823778364031975,0.0017853939140256966,16.7186080190822
67369,"frozenset({'Weather_Rain', 'RoadCharacteristics_Parking Lot'})","frozenset({'InjuryType_Property Damage Only', 'SurfaceCondition_Wet', 'Animal_None/Other', 'Impairment_None'})",0.006190368014538846,0.09166288050885961,0.005565651976374375,0.8990825688073395,9.80857860691427,0.0049982250127518345,9.000795093139486
71402,"frozenset({'Weather_Rain', 'InjuryType_Property Damage Only', 'Impairment_Alcohol', 'DayNight_Night'})","frozenset({'RoadCharacteristics_Not at a Junction', 'SurfaceCondition_Wet'})",0.001817355747387551,0.0717287596547024,0.0012778282598818718,0.703125,9.802553444180523,0.0011474715862704182,3.1268083885315288
79960,"frozenset({'Weather_Rain', 'DayNight_Night', 'InjuryType_Property Damage Only', 'Animal_None/Other', 'Impairment_Alcohol'})","frozenset({'RoadCharacteristics_Not at a Junction', 'SurfaceCondition_Wet'})",0.001817355747387551,0.0717287596547024,0.0012778282598818718,0.703125,9.802553444180523,0.0011474715862704182,3.1268083885315288
47665,"frozenset({'Weather_Rain', 'Animal_Deer', 'RoadCharacteristics_Not at a Junction'})","frozenset({'InjuryType_Property Damage Only', 'SurfaceCondition_Wet', 'Impairment_None'})",0.0020161290322580645,0.09629145842798728,0.0019025442980463425,0.9436619718309859,9.80005897965202,0.0017084082931512069,16.040826612903217
67350,"frozenset({'Weather_Rain', 'RoadCharacteristics_Parking Lot', 'Impairment_None'})","frozenset({'InjuryType_Property Damage Only', 'Animal_None/Other', 'SurfaceCondition_Wet'})",0.006019990913221263,0.09660381644706952,0.005565651976374375,0.9245283018867925,9.57030825374641,0.004984097879180522,11.969999432076332
78098,"frozenset({'DayNight_Day', 'RoadCharacteristics_Parking Lot', 'Weather_Rain', 'Impairment_None'})","frozenset({'InjuryType_Property Damage Only', 'Animal_None/Other', 'SurfaceCondition_Wet'})",0.004997728305315766,0.09660381644706952,0.004600181735574738,0.9204545454545454,9.528138528138527,0.004117382107715691,11.356980593236834
57756,"frozenset({'DayNight_Day', 'RoadCharacteristics_Parking Lot', 'Weather_Rain'})","frozenset({'InjuryType_Property Damage Only', 'Animal_None/Other', 'SurfaceCondition_Wet'})",0.005054520672421627,0.09660381644706952,0.004628577919127669,0.9157303370786516,9.479235611570193,0.004140291931861132,10.72030137816143
70520,"frozenset({'DayNight_Day', 'RoadCharacteristics_Parking Lot', 'Weather_Rain'})","frozenset({'InjuryType_Property Damage Only', 'SurfaceCondition_Wet', 'Impairment_None'})",0.005054520672421627,0.09629145842798728,0.004600181735574738,0.9101123595505617,9.45164165553895,0.0041134745683728486,10.05375752498863
78114,"frozenset({'DayNight_Day', 'RoadCharacteristics_Parking Lot', 'Weather_Rain', 'Animal_None/Other'})","frozenset({'InjuryType_Property Damage Only', 'SurfaceCondition_Wet', 'Impairment_None'})",0.005054520672421627,0.09629145842798728,0.004600181735574738,0.9101123595505617,9.45164165553895,0.0041134745683728486,10.05375752498863
36134,"frozenset({'Weather_Rain', 'RoadCharacteristics_Parking Lot'})","frozenset({'InjuryType_Property Damage Only', 'Animal_None/Other', 'SurfaceCondition_Wet'})",0.006190368014538846,0.09660381644706952,0.005650840527033167,0.9128440366972478,9.449357906034766,0.005052827351616846,10.365282527081002
19824,"frozenset({'Weather_Rain', 'Animal_Deer', 'Impairment_None'})","frozenset({'InjuryType_Property Damage Only', 'SurfaceCondition_Wet'})",0.002101317582916856,0.10123239436619719,0.001987732848705134,0.9459459459459458,9.34430082256169,0.0017750114384626704,16.627200704225316
4841,"frozenset({'Animal_Deer', 'Weather_Rain'})","frozenset({'InjuryType_Property Damage Only', 'SurfaceCondition_Wet'})",0.002101317582916856,0.10123239436619719,0.001987732848705134,0.9459459459459458,9.34430082256169,0.0017750114384626704,16.627200704225316
67358,"frozenset({'Weather_Rain', 'RoadCharacteristics_Parking Lot', 'Animal_None/Other'})","frozenset({'InjuryType_Property Damage Only', 'SurfaceCondition_Wet', 'Impairment_None'})",0.006190368014538846,0.09629145842798728,0.005565651976374375,0.8990825688073395,9.337095766180852,0.004969572412048466,8.95493009375904
46063,"frozenset({'Weather_Rain', 'RoadCharacteristics_Parking Lot'})","frozenset({'InjuryType_Property Damage Only', 'SurfaceCondition_Wet', 'Impairment_None'})",0.006190368014538846,0.09629145842798728,0.005565651976374375,0.8990825688073395,9.337095766180852,0.004969572412048466,8.95493009375904
47640,"frozenset({'Weather_Rain', 'Animal_Deer', 'Impairment_None', 'RoadCharacteristics_Not at a Junction'})","frozenset({'InjuryType_Property Damage Only', 'SurfaceCondition_Wet'})",0.0020161290322580645,0.10123239436619719,0.0019025442980463425,0.9436619718309859,9.321739130434782,0.0016984467287596548,15.95312499999999
20073,"frozenset({'Weather_Rain', 'Animal_Deer', 'RoadCharacteristics_Not at a Junction'})","frozenset({'InjuryType_Property Damage Only', 'SurfaceCondition_Wet'})",0.0020161290322580645,0.10123239436619719,0.0019025442980463425,0.9436619718309859,9.321739130434782,0.0016984467287596548,15.95312499999999
63884,"frozenset({'Weather_Rain', 'RoadCharacteristics_Parking Lot', 'DayNight_Night'})","frozenset({'InjuryType_Property Damage Only', 'Animal_None/Other', 'SurfaceCondition_Wet'})",0.0011358473421172195,0.09660381644706952,0.0010222626079054976,0.9,9.316402116402116,0.0009125354197557139,9.033961835529308
67339,"frozenset({'Weather_Rain', 'RoadCharacteristics_Parking Lot', 'Animal_None/Other', 'Impairment_None'})","frozenset({'InjuryType_Property Damage Only', 'SurfaceCondition_Wet'})",0.006019990913221263,0.10123239436619719,0.005565651976374375,0.9245283018867925,9.13273174733388,0.004956233882166237,11.90867077464789
46053,"frozenset({'Weather_Rain', 'RoadCharacteristics_Parking Lot', 'Impairment_None'})","frozenset({'InjuryType_Property Damage Only', 'SurfaceCondition_Wet'})",0.006019990913221263,0.10123239436619719,0.005565651976374375,0.9245283018867925,9.13273174733388,0.004956233882166237,11.90867077464789
78081,"frozenset({'Impairment_None', 'DayNight_Day', 'Weather_Rain', 'Animal_None/Other', 'RoadCharacteristics_Parking Lot'})","frozenset({'InjuryType_Property Damage Only', 'SurfaceCondition_Wet'})",0.004997728305315766,0.10123239436619719,0.004600181735574738,0.9204545454545454,9.092490118577075,0.004094249732835906,11.298792756539228
70501,"frozenset({'DayNight_Day', 'RoadCharacteristics_Parking Lot', 'Weather_Rain', 'Impairment_None'})","frozenset({'InjuryType_Property Damage Only', 'SurfaceCondition_Wet'})",0.004997728305315766,0.10123239436619719,0.004600181735574738,0.9204545454545454,9.092490118577075,0.004094249732835906,11.298792756539228
57746,"frozenset({'DayNight_Day', 'RoadCharacteristics_Parking Lot', 'Weather_Rain', 'Animal_None/Other'})","frozenset({'InjuryType_Property Damage Only', 'SurfaceCondition_Wet'})",0.005054520672421627,0.10123239436619719,0.004628577919127669,0.9157303370786516,9.04582315583781,0.004116896689084987,10.665375586854447
41412,"frozenset({'Weather_Rain', 'RoadCharacteristics_Parking Lot', 'DayNight_Day'})","frozenset({'InjuryType_Property Damage Only', 'SurfaceCondition_Wet'})",0.005054520672421627,0.10123239436619719,0.004628577919127669,0.9157303370786516,9.04582315583781,0.004116896689084987,10.665375586854447
36128,"frozenset({'Weather_Rain', 'RoadCharacteristics_Parking Lot', 'Animal_None/Other'})","frozenset({'InjuryType_Property Damage Only', 'SurfaceCondition_Wet'})",0.006190368014538846,0.10123239436619719,0.005650840527033167,0.9128440366972478,9.017311527722377,0.005024174750913477,10.312175685693115
18377,"frozenset({'Weather_Rain', 'RoadCharacteristics_Parking Lot'})","frozenset({'InjuryType_Property Damage Only', 'SurfaceCondition_Wet'})",0.006190368014538846,0.10123239436619719,0.005650840527033167,0.9128440366972478,9.017311527722377,0.005024174750913477,10.312175685693115
